label,quant,type,depth,pp_tok_s,tg_tok_s,vram_peak_mib,ram_used_peak_mib,status
27B_IQ4_XS,IQ4_XS,dense,0,1733.331556,36.608939,15024,22764,OK
27B_IQ4_XS,IQ4_XS,dense,16384,1451.898185,33.892983,15568,1347,OK
27B_IQ4_XS,IQ4_XS,dense,32768,,,14254,439,FAIL
27B_IQ4_XS,IQ4_XS,dense,49152,,,14254,440,FAIL
27B_IQ4_XS,IQ4_XS,dense,65536,,,14254,439,FAIL
27B_IQ4_XS,IQ4_XS,dense,81920,,,14254,441,FAIL
35B_UD-IQ4_NL_XL,UD-IQ4_NL_XL,moe,0,667.312756,54.998913,2784,1143,OK
35B_UD-IQ4_NL_XL,UD-IQ4_NL_XL,moe,32768,771.542396,51.985356,3124,1121,OK
35B_UD-IQ4_NL_XL,UD-IQ4_NL_XL,moe,65536,738.987910,48.387079,3464,1501,OK
